Id,FacilityPoints,XX,YY
53,53,612750.15025,1189644.12659
58,58,612798.035139,1189658.51539
60,60,612817.189095,1189664.27091
66,66,612874.650961,1189681.53746
72,72,612932.112828,1189698.80401
77,77,612979.997717,1189713.19281
83,83,613037.459583,1189730.45936
89,89,613095.681688,1189744.90095
95,95,613154.048325,1189758.80547
98,98,613183.231643,1189765.75773
