Id,FacilityPoints,XX,YY
52,52,612740.573272,1189641.24883
54,54,612759.727228,1189647.00435
59,59,612807.612117,1189661.39315
64,64,612855.497006,1189675.78194
69,69,612903.381894,1189690.17074
74,74,612951.266783,1189704.55953
79,79,612999.151672,1189718.94833
84,84,613047.042824,1189733.31385
89,89,613095.681688,1189744.90095
94,94,613144.320552,1189756.48805
98,98,613183.231643,1189765.75773
